{"_step":21,"val_f1_alert":0.999828855040219,"val_accuracy":99.98404594767071,"val_recall":0.9998404594767071,"test_f1":0.9996810207336523,"val_precision_alert":0.9996577686516085,"val_precision":0.9998405140764755,"val_recall_alert":1,"test_f1_alert":0.9996583532627263,"epoch":9,"test_recall_drowsy":0.9997008674842955,"train_accuracy":99.79832507263716,"test_precision_alert":0.9996583532627263,"_wandb":{"runtime":1935},"val_f1":0.9998404612105241,"val_loss":0.00016287245926643878,"train_loss":0.00866000343735924,"test_confusion_matrix_table":{"_latest_artifact_path":"wandb-client-artifact://kl09u2w3lc2ssbkjaypxm3pniescek7ul4g24c077uktbia0jvx5eu7fkxut63e92idj2a70kuy2qlwl0ejuf61dbzcd8pxrj8y9vwy6bxttbxrsmntgiowyjxt46cge:latest/test_confusion_matrix_table.table.json","nrows":4,"size":172,"log_mode":"IMMUTABLE","ncols":3,"sha256":"d2b650680328d44bd41ba30fbb1223c81bf867c228ecbe1dd87f62b016f2d38a","_type":"table-file","artifact_path":"wandb-client-artifact://71jomskpi53bv28ift9llc5jn3z8v386ipb8djxgw04cgr3jo93u67l0w7ybno1rixsd9ikk235ql4jxpmdi8itb3ac8bfkysy6wrhh67sh8msobhr5auikq3btqq2w7/test_confusion_matrix_table.table.json","path":"media/table/test_confusion_matrix_table_21_d2b650680328d44bd41b.table.json"},"test_f1_drowsy":0.9997008674842955,"_timestamp":1.76468800977548e+09,"val_recall_drowsy":0.9997012249775918,"confusion_matrix_table":{"size":172,"_type":"table-file","sha256":"56bf9a10fc4907e0e2c5ccb12607c6cc411e4285ade3ece0a49516f61b9c4e4c","path":"media/table/confusion_matrix_table_18_56bf9a10fc4907e0e2c5.table.json","ncols":3,"_latest_artifact_path":"wandb-client-artifact://y9pjj6k6remx8frg7x84z2mg561v68o20n1j33b8txw8mdcnq45qwbr6mwlpjs0ld7u1oz3grpedmtzywly0b6kxbd2kfjml4eb7zx4wtrwnk98uzlu7os5evrq12bjb:latest/confusion_matrix_table.table.json","log_mode":"IMMUTABLE","nrows":4,"artifact_path":"wandb-client-artifact://7ofi8qpez2jkt3luzf92yf8xv5y7jc9rcd8k2qpxjj5nwpzg24tmzleqwzvi58xfx0qe6qpxytmdutxtvmib1pjauukn674notvvpzn4ppyuxmwqtwbrwwbj9d8cdoke/confusion_matrix_table.table.json"},"test_recall_alert":0.9996583532627263,"test_recall":0.9996810207336523,"test_loss":0.0014040749816483149,"test_precision_drowsy":0.9997008674842955,"test_accuracy":99.96810207336523,"val_precision_drowsy":1,"test_precision":0.9996810207336523,"_runtime":1935,"val_f1_drowsy":0.9998505901688332}